cv_id,organization,position,status,startDate,endDate,linkedin
0,"Keeping The Books, Bookkeeping",Bookkeeper,ACTIVE,2023-03,,
0,Playful Paws,Co-Owner,ACTIVE,2018-11,,
1,Erste Bank und Sparkasse,Strategy & Investments,ACTIVE,2025-03,,https://www.linkedin.com/company/erste-bank-und-sparkasse
2,Guido Meyer,Corporate Auditor,ACTIVE,2022-07,,
2,Guido Meyer,Corporate Auditor,ACTIVE,2022-07,,
4,Tradeware AG,Marketing Manager,ACTIVE,2020-07,,https://www.linkedin.com/company/tradeware-ag
5,Monash University,Professor,ACTIVE,2022-07,,
5,Monash University,"Deputy Dean, Faculty of IT",ACTIVE,2022-07,,
5,Oceania Cyber Security Centre #OCSC,Research Director,ACTIVE,2020-01,,https://www.linkedin.com/company/oceania-cyber-security-centre
6,Faurecia Innenraum Systeme GmbH,Program Purchasing Leader / Program / Acquisition Buyer,ACTIVE,2004-05,,
8,ALSO Deutschland GmbH,Business Analyst,ACTIVE,1992-06,,https://www.linkedin.com/company/alsogroup
10,Brandtner IT,Managementberater IT- und Governance,ACTIVE,2024-03,,
11,DGC FILM WORKS,Founder & CEO,ACTIVE,2020-06,,https://www.linkedin.com/company/dgcfilmworks
11,DGC FILM WORKS,Senior Video Editor,ACTIVE,2016-01,,https://www.linkedin.com/company/dgcfilmworks
11,DGC FILM WORKS,Senior Video Editor,ACTIVE,2014-06,,https://www.linkedin.com/company/dgcfilmworks
12,auris Steuerberatung OG,Geschäftsführer,ACTIVE,2019-10,,
14,Daimler AG,Manager,ACTIVE,1997-11,,https://www.linkedin.com/company/mercedes-benz_ag
16,Gladsaxe Kommune,Koordinerende sagsbehandler,ACTIVE,2022-05,,https://www.linkedin.com/company/gladsaxekommune
17,Aglukon Spezialdünger GmbH & Co. KG,Head of Supply Chain,ACTIVE,2024-09,,https://www.linkedin.com/company/aglukon
18,delta pronatura GmbH,Director of Finance (China),ACTIVE,2024-08,,https://www.linkedin.com/company/drbeckmanngroup
19,Bettina Kern,Inhaber,ACTIVE,1994-03,,https://www.linkedin.com/company/bettina-kern
20,Policen Direkt-Gruppe,Geschäftsführer CFO,ACTIVE,2004-01,,https://www.linkedin.com/company/policen-direkt-gmbh
20,cash.life AG,Vorstand,ACTIVE,2022-10,,https://www.linkedin.com/company/cash-life-ag
20,Thinksurance,Investor,ACTIVE,2015,,https://www.linkedin.com/company/thinksurance-gmbh
20,Covomo Versicherungsvergleich GmbH,Investor,ACTIVE,2014,,https://www.linkedin.com/company/covomo-versicherungsvergleich-gmbh
21,r2b energy consulting GmbH,Mitglied der Geschäftsleitung,ACTIVE,2025-01,,https://www.linkedin.com/company/r2b-energy-consulting
22,Owens Corning,"Global Marketing Director, Nonwovens",ACTIVE,2024-11,,https://www.linkedin.com/company/owens-corning
23,"Gesellschaft für Wirtschaft, Arbeit und Kultur",Social Researcher,ACTIVE,2024-03,,
25,Personalberatung JG,Berater,ACTIVE,2014-01,,
26,ASTERION Germany GmbH,Center Management,ACTIVE,2010-05,,https://www.linkedin.com/company/asterion-international
27,Selbstständig,Senior Project Manager,ACTIVE,2022-04,,
28,FCN Inc.,Federal Account Manager,ACTIVE,2017-12,,https://www.linkedin.com/company/fcn
31,Studio Mondu,Brand Strategist,ACTIVE,2020-01,,https://www.linkedin.com/company/studio-mondu
31,Freelance Graphic Designer,Self Employed,ACTIVE,2018-09,,
32,Novo Nordisk,Senior Category Manager,ACTIVE,2024-04,,https://www.linkedin.com/company/novo-nordisk
33,Selbstständig,General Manager,ACTIVE,2001-06,,
35,Luxury Custom Yachts GmbH,Owner and Executive Director,ACTIVE,2020-04,,
36,eye4improve,Founder & Managing Director,ACTIVE,2017-08,,https://www.linkedin.com/company/eye4improve
37,Orthocenter,Orthodontie assistent,ACTIVE,2022-05,,https://www.linkedin.com/company/orthocenter
37,Orthocenter,Leerling orthodontie assistent,ACTIVE,2022-05,,https://www.linkedin.com/company/orthocenter
38,Deloitte,Manager Risk Advisory,ACTIVE,2023-02,,https://www.linkedin.com/company/deloitte
39,IT-Services der Sozialversicherung GmbH,Systemadministrator Clientservices,ACTIVE,2024-05,,https://www.linkedin.com/company/it-services-der-sozialversicherung-gmbh
40,Montgomery County,IT Program Manager – Information Security,ACTIVE,2016-09,,
40,Dayton Leadership Academies,Technology Manager,ACTIVE,2005-03,,
41,Sventronik.com,Pionier der Strömungsoptimierung und Wasserstofftechnologien für effiziente Energielösungen,ACTIVE,2022-01,,
43,eightbit experts GmbH,CEO,ACTIVE,2024-01,,https://www.linkedin.com/company/eightbitexperts
43,Prüser & Müller GmbH,CEO and Shareholder,ACTIVE,2016,,
44,Lufthansa Group,Head of Payment IT Solutions,ACTIVE,2022-01,,https://www.linkedin.com/company/lufthansa-group
45,Banco de Portugal,Banking Prudential Supervision Analyst,ACTIVE,2018-03,,https://www.linkedin.com/company/banco-de-portugal
46,Steinbeis Papier GmbH,Geschäftsführer,ACTIVE,2014-08,,
47,eyebase DAM,CEO,ACTIVE,2006,,https://www.linkedin.com/company/eyebase-dam
47,"Eyebase USA, Inc.",Product Manager,ACTIVE,2019-01,,https://www.linkedin.com/company/eyebaseusa
47,Phoenix HIIT Fitness KG,Investor,ACTIVE,2019-07,,
47,Phoenixlifestyle KG,Shareholder,ACTIVE,2018-09,,
48,METRO AG,SVP People & Culture Management and Services; CEO METRO Campus Services GmbH,ACTIVE,2022-10,,https://www.linkedin.com/company/metro-ag
50,Daniel Software GmbH,Managing Director,ACTIVE,1997,,https://www.linkedin.com/company/daniel-software-gmbh
51,Building Inspectors SA Pty Ltd,Building Consultant,ACTIVE,2009-07,,
52,HOCHTIEF ViCon,Managing Director,ACTIVE,2017-10,,https://www.linkedin.com/company/hochtief
54,"SEC Co., Ltd",Senior Director,ACTIVE,2000-03,,
55,gdp Global Drinks Partnership GmbH,Commercial Director On Trade,ACTIVE,2012-06,,https://www.linkedin.com/company/gdpglobaldrinkspartnership
56,SF Veranstaltungstechnik,CEO,ACTIVE,2011-09,,
56,SF Veranstaltungstechnik,Professional Freelancer,ACTIVE,2011-09,,
57,Detecon International,Senior Manager,ACTIVE,2022-06,,https://www.linkedin.com/company/detecon
58,John Holland,Graduate Engineer,ACTIVE,2013-04,,https://www.linkedin.com/company/john-holland
59,Saakar Creations Pvt Ltd,Senior Architect,ACTIVE,2020-05,,
60,DHBW Stuttgart,Dozent DHBW Stuttgart,ACTIVE,2019-02,,
60,Hofmeister,Kfm. Leiter/Prokurist,ACTIVE,2015-04,,https://www.linkedin.com/company/hofmeister-dienstleistungs-gmbh
61,ROiOS,Mitbegründer und Geschäftsführer,ACTIVE,2025-03,,https://www.linkedin.com/company/roios
61,Self-employed,Systemischer Coach und Organisationsberater,ACTIVE,2023-07,,
63,Veeva Systems,Data Researcher,ACTIVE,2017-07,,https://www.linkedin.com/company/veeva-systems
64,Harvard,MD PhD MBA MMSc,ACTIVE,2009,,
68,Trackeen,Co-Fundador & Lead Developer,ACTIVE,2024-05,,https://www.linkedin.com/company/trackeen
70,Rail Construction Equipment Co.,Sales Manager,ACTIVE,1991-01,,
71,Kalmar,"Director, Digital Services Business",ACTIVE,2025-02,,https://www.linkedin.com/company/kalmar
72,Der-Astrid-Hartmann-Prozess,Unternehmensinhaber,ACTIVE,2000-02,,
73,Calandlyceum Amsterdam,Docent lichamelijke opvoeding,ACTIVE,2020-09,,https://www.linkedin.com/company/calandlyceum-amsterdam
73,Dansschool Ponne,Dans trainer / coach,ACTIVE,2017-09,,
74,ams OSRAM,Marketing Engineer,ACTIVE,2020-04,,https://www.linkedin.com/company/osram
75,Brandt Schokoladen GmbH + Co. KG,Technischer Leiter,ACTIVE,2024-12,,https://www.linkedin.com/company/brandt-zwieback-schokoladen
76,Credit Suisse,Senior Advisor to the CS Pension Fund in Switzerland,ACTIVE,2024-09,,https://www.linkedin.com/company/credit-suisse
76,European Patent Office,Board Member of the Supervisory Board of RFPSS,ACTIVE,2018-01,,https://www.linkedin.com/company/european-patent-office
77,DR. JOHANNES HEIDENHAIN GmbH,Gruppenleiter HR KPI & Reporting,ACTIVE,2024-07,,
79,thyssenkrupp Materials Schweiz AG,CEO,ACTIVE,2013-11,,https://www.linkedin.com/company/thyssenkrupp-materials-schweiz
79,thyssenkrupp Materials Schweiz AG,CEO,ACTIVE,2013-09,,https://www.linkedin.com/company/thyssenkrupp-materials-schweiz
80,L'éléfàn,Responsable développement projets,ACTIVE,2018-03,,https://www.linkedin.com/company/l'éléfàn
81,TDC NET,Transformation Partner,ACTIVE,2024-01,,https://www.linkedin.com/company/tdcnet
82,Mirai Solutions GmbH,"Executive Partner, Senior Software Engineer",ACTIVE,2011-01,,https://www.linkedin.com/company/mirai-solutions-gmbh
83,Welthungerhilfe,Secretary General/CEO Welthungerhilfe,ACTIVE,2018-09,,https://www.linkedin.com/company/welthungerhilfe
84,German Society for Materials Science - Deutsche Gesellschaft für Materialkunde e.V. (DGM),Fachreferent MatWerk - Materials Engineering Specialist,ACTIVE,2024-02,,https://www.linkedin.com/company/deutsche-gesellschaft-für-materialkunde-e-v-
85,Immoheld,CEO,ACTIVE,2017-10,,https://www.linkedin.com/company/immoheld
85,FREEMATCH,Gesellschafter,ACTIVE,2024-04,,https://www.linkedin.com/company/freematch
86,Deutsche Bundesbank,Statistiker,ACTIVE,2023-10,,https://www.linkedin.com/company/deutsche-bundesbank
87,Bee4GIS,Chief Operating Officer,ACTIVE,2023-12,,https://www.linkedin.com/company/bee4gis
88,Deutsches Forschungszentrum für Künstliche Intelligenz (DFKI),Adjunct Researcher,ACTIVE,2018-08,,https://www.linkedin.com/company/dfki
89,TSAR-Tech,Self-Employed,ACTIVE,2014-01,,
90,Sade Ofset Printing&Packaging,Managing Partner,ACTIVE,2011-12,,
90,SPM Label BV,Founding Partner,ACTIVE,2017-10,,
91,edge Performance Limited,Partner,ACTIVE,2015-06,,https://www.linkedin.com/company/edge-performance-limited
94,360 Media Direct,Chief Information Officer,ACTIVE,2019-10,,https://www.linkedin.com/company/360mediadirect
95,HHL Leipzig Graduate School of Management,Visiting Lecturer,ACTIVE,2023-09,,
96,Technische Universität Berlin,Präsidentin Technische Universität Berlin,ACTIVE,2022-04,,
96,Charité,Professorin für Medizinische Biometrie,ACTIVE,2017-07,,
97,Billtrust,Sr. Customer Support spec.,ACTIVE,2017-01,,https://www.linkedin.com/company/billtrust
97,Order2Cash,Customer Support Engineer,ACTIVE,2017-01,,https://www.linkedin.com/company/order2cash
98,Misereor,Personalreferent,ACTIVE,1993-09,,https://www.linkedin.com/company/misereor
99,St. Josef Hospital Dortmund,Pflegefachkraft,ACTIVE,2023-07,,
100,Selbständig,freischaffender Künstler,ACTIVE,1973,,
101,New York State Developmental Disabilities Advisory Employment and Meaningful Activities Subcommittee,Subcommittee Member,ACTIVE,2024-07,,
101,New York State Developmental Disabilities Advisory Committee,Committee Member,ACTIVE,2022-01,,
101,fitness inclusion network,Instagram Manager for fitness inclusion network,ACTIVE,2020-10,,
102,Superstition Fire & Medical District,Deputy Chief,ACTIVE,2024-06,,https://www.linkedin.com/company/superstition-fire-&-medical-district
102,Superstition Fire & Medical District,Battalion Chief,ACTIVE,1999-10,,https://www.linkedin.com/company/superstition-fire-&-medical-district
103,TRATON GROUP,Product Manager,ACTIVE,2025-04,,https://www.linkedin.com/company/tratongroup
104,Papirfly,OM/Customer Success Manager,ACTIVE,2023-04,,https://www.linkedin.com/company/papirfly
104,Kalmar Företagsgrupp KFG,Styrelseledamot,ACTIVE,2023-04,,
105,MAFRA Maile GmbH,Geschäftsführer,ACTIVE,1999-07,,
106,Dynatrace,Senior Director Product Management,ACTIVE,2022-08,,https://www.linkedin.com/company/dynatrace
107,Canal marée,Matelot,ACTIVE,2015-08,,
108,LBS Landesbausparkasse NordWest,Gebietsleiter LBS NordWest,ACTIVE,2012-08,,https://www.linkedin.com/company/bausparkasse-lbs-nordwestdeutsche-landesbausparkasse
108,LBS Landesbausparkasse NordWest,Gebietsleiter,ACTIVE,2012-08,,https://www.linkedin.com/company/bausparkasse-lbs-nordwestdeutsche-landesbausparkasse
110,Roche,"Country Lead, Country Clinical Operations",ACTIVE,2020-03,,https://www.linkedin.com/company/roche
111,Vic Water,Director,ACTIVE,2014-10,,
111,GWM Water,Chairman,ACTIVE,2011-09,,
111,Belyana P/S,Executive Director,ACTIVE,2010-01,,
111,Vogel P/L,Executive Director,ACTIVE,1980-04,,
112,Photron Deutschland GmbH,Sales Manager,ACTIVE,2017-01,,
113,Baylor University Point-of-Need Innovations Center,Undergraduate Research Assistant,ACTIVE,2023-08,,https://www.linkedin.com/company/baylor-university-point-of-need-innovations-center
114,Financial Conduct Authority,Technical Specialist,ACTIVE,2006-10,,https://www.linkedin.com/company/financial-conduct-authority
115,Tesla,Team Lead Global Supply Management,ACTIVE,2023-08,,https://www.linkedin.com/company/tesla-motors
118,Kanton Luzern,Leiter Projektmanagement / Projektleiter,ACTIVE,2023-01,,https://www.linkedin.com/company/kanton-luzern
118,HSLU Hochschule Luzern,Dozent Hochschule Luzern,ACTIVE,2020-08,,
119,One Point,Unternehmensinhaber,ACTIVE,1996-01,,
120,Neopac,HR Business Partner,ACTIVE,2021-05,,https://www.linkedin.com/company/neopac-the-tube
120,BFB Bildung Formation Biel-Bienne,Lehrgangsleiter HR-Assistent*in & Referent SB Personalwesen,ACTIVE,2024-08,,
121,Hecht,Corporate recruiter,ACTIVE,2021-08,,https://www.linkedin.com/company/wijzijnhecht
122,3F Kommunikation,Unternehmensinhaber,ACTIVE,2002-02,,
123,Cenovus Energy,Sr. Drafting & Design Technologist .,ACTIVE,2022-05,,https://www.linkedin.com/company/cenovus-energy
123,148th FW,Avionics Sensor Systems and Electronic Warfare Systems,ACTIVE,2024-01,,
124,Xaretos,Owner,ACTIVE,2012-10,,https://www.linkedin.com/company/xaretos-unternehmensberatung
125,bp,Global Category Manager - Technology & Payment Solutions,ACTIVE,2022-05,,https://www.linkedin.com/company/bp
126,SHELL INFORMATION TECHNOLOGY INTERNATIONAL BV,Program Manager,ACTIVE,2020-06,,
127,Paradise Tomato Kitchens - Signature Sauce. Signature Service,Chief Growth Officer,ACTIVE,2013,,https://www.linkedin.com/company/paradise-tomato-kitchens-inc.
128,JetBrains,Senior Software Developer,ACTIVE,2022-06,,https://www.linkedin.com/company/jetbrains
129,PLAZAMEDIA GmbH,Geschäftsführer / CEO&COO,ACTIVE,2015-11,,https://www.linkedin.com/company/plazamedia
130,DNV,Customer Executive & Member of Management Northern Europe,ACTIVE,2019-06,,https://www.linkedin.com/company/dnv
131,LIZ Smart Office GmbH,Senior Software Engineer at LIZ Smart Office GmbH,ACTIVE,2021-03,,https://www.linkedin.com/company/liz-solutions
134,Progressive Recruitment,Recruitment Consultant,ACTIVE,2022-04,,https://www.linkedin.com/company/progressive-recruitment
135,Merz Reisen GmbH,CEO,ACTIVE,2019-03,,
136,Canon Austria GmbH,Corporate Communications & Marketing Services Senior Manager,ACTIVE,2017-04,,https://www.linkedin.com/company/canon-emea
137,Scope International AG,International Clinical Project Manager,ACTIVE,2011-04,,https://www.linkedin.com/company/scope-international-ag
138,Volkswagen AG,Leiter Inhouse Logistik,ACTIVE,2021-12,,https://www.linkedin.com/company/volkswagen-group
139,Microsoft,Technology Lead Germany - Global Partner Solutions,ACTIVE,2023-11,,https://www.linkedin.com/company/microsoft
140,Bustec,Director of Sales and Marketing,ACTIVE,2025-01,,https://www.linkedin.com/company/bustec
141,KnowBe4,Customer Success Manager,ACTIVE,2024-09,,https://www.linkedin.com/company/knowbe4
142,Luxottica Group,Trade Marketing Manager,ACTIVE,2012-04,,https://www.linkedin.com/company/luxottica
143,UBS,Head Currency Solutions,ACTIVE,2024-09,,https://www.linkedin.com/company/ubs
143,Credit Suisse Asset Management,Currency Overlay Manager,ACTIVE,2017-03,,
143,Swiss Bond Commission,Board Member,ACTIVE,2009,,
144,Artemis ITS,SVP Sales & Accounts,ACTIVE,2022-03,,https://www.linkedin.com/company/artemis-its
145,Copenhagen Color,Managing Director,ACTIVE,2020-07,,
146,Koop Bronbemaling B.V.,Construction site leader,ACTIVE,2011-04,,https://www.linkedin.com/company/koop-bronbemaling
147,"Center for Earth System Research and Sustainability, University of Hamburg",Data Manager,ACTIVE,2010-06,,
148,American Express,Vice President - Supplier Enablement CoE,ACTIVE,2024-07,,https://www.linkedin.com/company/american-express
148,American Express,Vice President - US Commercial Pricing,ACTIVE,2021-11,,https://www.linkedin.com/company/american-express
149,Stiftung Liebenau,Heimleiterin,ACTIVE,1998-10,,https://www.linkedin.com/company/stiftung-liebenau
150,Level 20,Chief Executive Officer,ACTIVE,2023-04,,https://www.linkedin.com/company/level20
150,UK Business Angels Association,Board Member,ACTIVE,2022-01,,https://www.linkedin.com/company/ukbaa
151,A4 Agentur AG,Inhaber und Geschäftsführer,ACTIVE,1992,,https://www.linkedin.com/company/a4-agentur
152,MHP – A Porsche Company,Senior Manager,ACTIVE,2023-07,,https://www.linkedin.com/company/mhp-a-porsche-company
153,Independence Seaport Museum,Director of Education,ACTIVE,2023-07,,https://www.linkedin.com/company/independence-seaport-museum
154,Baeza Jakob Hermanos Ltda,Gerente Comercial,ACTIVE,2019-01,,
156,Global Arts,Designer,ACTIVE,2014-01,,
156,Global Arts,Art Dealer,ACTIVE,2014-01,,
156,Global Arts +ai,Artificial Intelligence Pioneer,ACTIVE,2000-01,,
157,"Apex Tool Group, LLC",Gerente de RR.HH Mexico,ACTIVE,2024-02,,https://www.linkedin.com/company/apex-tool-group-llc
158,RB&W Manufacturing,Business Development & Key Account Manager,ACTIVE,2021-01,,https://www.linkedin.com/company/rb&w-manufacturing
160,CGI MAGIC MOVIE CORPORATION,CEO,ACTIVE,2000-04,,https://www.linkedin.com/company/cgi-magic-movie-corporation
161,Digital Realty,Quality Coordinator,ACTIVE,2022-12,,https://www.linkedin.com/company/digitalrealty
163,Söderberg & Partners Danmark,"Pensionskundechef / Account Executive - Global Employee Benefits, Corporate Pension",ACTIVE,2023-08,,https://www.linkedin.com/company/söderberg-and-partners-danmark
164,European Investment Bank (EIB),Principal Advisor,ACTIVE,2024-01,,https://www.linkedin.com/company/european-investment-bank
165,PwC,Senior Manager,ACTIVE,2023-09,,https://www.linkedin.com/company/pwc
165,PwC,Manager,ACTIVE,2021-05,,https://www.linkedin.com/company/pwc
166,South West Vision GmbH,Geschäftsführender Gesellschafter,ACTIVE,2023-07,,https://www.linkedin.com/company/south-west-vision-gmbh
166,KooVoo GmbH,Founder & CEO Investments,ACTIVE,2023-01,,
166,Purax GmbH,Geschäftsführer,ACTIVE,2022-09,,
166,Victualien Handels GmbH,Geschäftsführender Gesellschafter,ACTIVE,2005-01,,
167,Delrin,Sales Director EMEA,ACTIVE,2024-07,,https://www.linkedin.com/company/delrin-acetal-homopolymer
168,ALTTURBO GmbH,Geschäftsführender Gesellschafter,ACTIVE,2021-10,,https://www.linkedin.com/company/altturbo-gmbh
169,argon lighting GmbH,Verkaufsleiter,ACTIVE,2018-05,,https://www.linkedin.com/company/argon-lighting-gmbh
170,Lufthansa Technik Services India Pvt Ltd,Chief Executive Officer,ACTIVE,2022-01,,https://www.linkedin.com/company/lufthansa-technik-services-india-pvt-ltd
171,RINA North America (formerly Patrick),Senior Program Manager,ACTIVE,2018-07,,https://www.linkedin.com/company/rina-north-america
172,andwin Ltd.,Independent Advisor to Founders and Funds,ACTIVE,2021,,https://www.linkedin.com/company/andwin
174,PAE Technical Services GmbH,CST,ACTIVE,2018-04,,https://www.linkedin.com/company/pae-technical-services-gmbh
175,Fraunhofer IPMS,R&D group manager,ACTIVE,2004-05,,https://www.linkedin.com/company/fraunhofer-ipms
175,Fraunhofer IPMS,Research Associate and Project Manager,ACTIVE,2003-03,,https://www.linkedin.com/company/fraunhofer-ipms
176,Psychologie.8,Klinischer Psychologe,ACTIVE,2025-02,,
176,Schweizer Haus Hadersdorf,Klinischer Psychologe,ACTIVE,2019-07,,https://www.linkedin.com/company/schweizer-haus-hadersdorf
178,SSingularity Technologies,Software Developer,ACTIVE,2024-02,,https://www.linkedin.com/company/ssingularity-technologies
179,LegalTegrity,COO (Geschäftsführende Gesellschafterin),ACTIVE,2019-09,,https://www.linkedin.com/company/legaltegrity
179,ada,ada Fellow,ACTIVE,2019-09,,https://www.linkedin.com/company/ada-community
180,ikonda GmbH,Geschäftsführender Gesellschafter,ACTIVE,2023-10,,https://www.linkedin.com/company/ikonda-gmbh
182,Face Mining Services,Expat Jumbo Operator,ACTIVE,2025-03,,https://www.linkedin.com/company/facemining
183,Agentur für Kunstvermittlung GmbH,Geschäftsführer,ACTIVE,1995-01,,
184,;-),Retired,ACTIVE,2023-04,,
184,IIC GmbH,CEO; Shareholder,ACTIVE,2008-01,,https://www.linkedin.com/company/iic-gmbh
185,BMG LABTECH,Application Specialist,ACTIVE,2021-01,,https://www.linkedin.com/company/bmg-labtech
188,International Campaign for Tibet,Executive Director / Head of UN Advocacy,ACTIVE,2005-11,,https://www.linkedin.com/company/international-campaign-for-tibet
189,Alstom,Project V&V Manager,ACTIVE,2024-05,,https://www.linkedin.com/company/alstom
190,Hausfeld,Rechtsanwalt | Counsel,ACTIVE,2022-03,,https://www.linkedin.com/company/hausfeld
191,Parkdale Queen West Community Health Centre,Indigenous Counsellor & Case Manager - Niiwin Wendaanimak,ACTIVE,2020-09,,https://www.linkedin.com/company/parkdale-queen-west-community-health-centre
192,Köster GmbH,Bauleiter,ACTIVE,2022-01,,https://www.linkedin.com/company/k-ster-gmbh
193,Centro diagnostico Pasteur,Amministrazione,ACTIVE,2012-07,,
194,Graphic Packaging International - Europe,Head of Customer Sales Service & Sales Controlling,ACTIVE,2024-04,,https://www.linkedin.com/company/graphic-packaging-international-emea-apac
196,ERCO,Engineering Manager,ACTIVE,2016-07,,https://www.linkedin.com/company/erco
198,No Company,Retired but still active and interested in Optics Development and Metrology,ACTIVE,2020-01,,https://www.linkedin.com/company/labmobil
199,Microsoft,Sales Consultant - Business Application,ACTIVE,2021-03,,https://www.linkedin.com/company/microsoft
200,Medtronic,Senior Technical Consultant,ACTIVE,2024-07,,https://www.linkedin.com/company/medtronic
201,Cleveland Clinic Connected Care,Nurse Practitioner,ACTIVE,2023-08,,
202,Kamps Sperziebonen,Packhouse Managing consultant,ACTIVE,2018-09,,https://www.linkedin.com/company/kamps-sperziebonen
203,21iLAB,Verwaltungsrat,ACTIVE,2021-06,,https://www.linkedin.com/company/21ilab-official
203,Kaiser Partner Financial Advisors Ltd.,Chairman of the Board of Directors,ACTIVE,2020-02,,https://www.linkedin.com/company/kaiser-partner-financial-advisors-ltd
203,Kaiser Partner Privatbank AG,CEO,ACTIVE,2011-03,,https://www.linkedin.com/company/kaiser-partner-privatbank
204,GOLDBECK,Development Manager,ACTIVE,2023-01,,https://www.linkedin.com/company/goldbeck
205,Sto SE & Co. KGaA,Vertriebsspezialist,ACTIVE,2016-08,,https://www.linkedin.com/company/sto-ag
206,Freiberuflich,Rechtsanwalt,ACTIVE,2001-12,,
208,B&R Industrial Automation,HW-Developer BU Motion,ACTIVE,2013-09,,https://www.linkedin.com/company/b&r-industrial-automation
209,Atlas Copco Holding GmbH,Head of Organization Projects and Facility Operations,ACTIVE,2025-01,,
211,ERGO Group AG,Head of Global Life Products,ACTIVE,2019-04,,https://www.linkedin.com/company/ergo-group-ag
212,Benno Therapeutics,Investor,ACTIVE,2024-01,,https://www.linkedin.com/company/bennotx
212,Cellab - CDMO,Investor,ACTIVE,2023-12,,https://www.linkedin.com/company/cellabcdmo
212,CimCure B.V.,Investor,ACTIVE,2023-01,,https://www.linkedin.com/company/cimcure-b-v
212,Neurocast,Investor,ACTIVE,2023-01,,https://www.linkedin.com/company/neurocast
212,Omnio AB,Investor,ACTIVE,2022-07,,https://www.linkedin.com/company/omnio-ab
212,Reunion Capital,Founder,ACTIVE,2022-04,,
212,Amsterdam UMC,Professor,ACTIVE,2008-02,,https://www.linkedin.com/company/amsterdamumc
213,Muldental Elektronik GmbH,Geschäftsführer,ACTIVE,1996-04,,
214,HICO CANADA INC.,Executive Assistant to the President,ACTIVE,2023-08,,
216,Freshfields Bruckhaus Deringer,Partner,ACTIVE,1994,,https://www.linkedin.com/company/freshfields
217,Nolis GmbH,Webentwickler,ACTIVE,2015-03,,
218,GreenGaraGe GmbH,Director Construction & Engineering,ACTIVE,2019-03,,
218,Baum Consulting Ingenieur Büro,Geschäftsführender Inhaber,ACTIVE,2017-07,,
220,Westsächsische Hochschule Zwickau,Dekanatsrätin,ACTIVE,1986-01,,
221,KIX Service Software GmbH,Mitarbeiter Produktmanagement,ACTIVE,2023-01,,https://www.linkedin.com/company/kix-service-software
222,KPMG Deutschland,Manager | Prokurist | Strategie- und Managementberatung Financial Services,ACTIVE,2023-10,,https://www.linkedin.com/company/kpmg-deutschland
223,Fish Corb Films,Head of Development,ACTIVE,2010-03,,
223,University of Malta,Part Time lecturer in Principles of writing and in Mythology,ACTIVE,2006-10,,
223,Drunken Angel Films,Development director / scriptwriter,ACTIVE,2000-01,,
224,OBSS,Manager,ACTIVE,2025-03,,https://www.linkedin.com/company/obss
225,Alteams Oy,Chairman of the Board,ACTIVE,2024-07,,
225,Jofin Consulting Oy,Independent Consultant,ACTIVE,2024-01,,
226,AL-KO Vehicle Technology Group,Stammdatenmanager R&D ENGINEERING / R&D,ACTIVE,2024-04,,https://www.linkedin.com/company/al-ko-vehicle-technology
227,Binder Gruppe,aktiver Gesellschafter,ACTIVE,2012-08,,https://www.linkedin.com/company/bindergruppe
227,egf Manufaktur,aktiver Gesellschafter,ACTIVE,1996-01,,https://www.linkedin.com/company/egf-manufaktur
228,"Erich Keller AG - Innenausbau, Design + Technik",Leiter Produktion / Mitinhaber,ACTIVE,2021-04,,https://www.linkedin.com/company/erichkeller
228,"Erich Keller AG - Innenausbau, Design + Technik",Leiter Produktion,ACTIVE,1992-01,,https://www.linkedin.com/company/erichkeller
229,Seller Ventures,Senior Manager,ACTIVE,2016-03,,https://www.linkedin.com/company/seller-ventures
232,Benchmark Foam Inc,President,ACTIVE,2016-10,,https://www.linkedin.com/company/benchmark-foam-inc
233,Rust-Oleum Canada,Senior Brand Manager,ACTIVE,2025-04,,https://www.linkedin.com/company/rustoleumca
235,Lipoid GmbH,Leiter Instandhaltung,ACTIVE,2018-03,,
236,Saottini Auto,Salesman,ACTIVE,2023-06,,https://www.linkedin.com/company/saottini-auto
237,SS&C Technologies,Senior Human Resources Manager,ACTIVE,2022-01,,https://www.linkedin.com/company/ss-c-technologies
239,Sparkasse Schaumburg,Direktor,ACTIVE,2015-08,,https://www.linkedin.com/company/sparkasse-schaumburg
240,KatKin,Influencer Marketing Executive,ACTIVE,2025-05,,https://www.linkedin.com/company/katkin
241,Orthosteo Praxis,Unternehmensinhaber,ACTIVE,2022-10,,https://www.linkedin.com/company/orthosteo-praxis
242,Woody-Display,Vizepräsident Junior,ACTIVE,2020-08,,
243,DERTOUR Austria GmbH,Prokurist / Direktor Touristik,ACTIVE,2023-10,,
244,Gärtner Transporte,Kipper -Spedition,ACTIVE,1990-01,,
245,Escola de Educação Infantil João e Maria,Pedagoga,ACTIVE,2010-03,,
246,Butte County Behavioral Health,Behavioral Health Clinician,ACTIVE,2022-08,,https://www.linkedin.com/company/butte-county-behavioral-health
248,Superweb LLP,Web Developer,ACTIVE,2024-05,,
249,Hansgrohe Group,Manager Custom Solutions,ACTIVE,2023-09,,https://www.linkedin.com/company/hansgrohe-group
250,Tempo one,Responsable Développement Automotive,ACTIVE,2023-09,,https://www.linkedin.com/company/tempoone
251,BMW Group,Projektmanager strat. BK E/E Infrastruktur,ACTIVE,2021-05,,https://www.linkedin.com/company/bmw-group
252,ILODECO,Responsable de projet marketing et communications,ACTIVE,2023-01,,https://www.linkedin.com/company/ilodeco
254,BVFI - Bundesverband für die Immobilienwirtschaft,Vermittlung und Verrentung von Immobilien,ACTIVE,2016,,
254,W+V Schweizer-Immobilien GmbH,Geschäftsführung,ACTIVE,1937-01,,
255,MANUFACTURE FRANCAISE DU CYCLE,Approvisionneuse Bilingue,ACTIVE,2018-02,,https://www.linkedin.com/company/manufacture-francaise-du-cycle
256,Doka,Digital Product Owner,ACTIVE,2022-10,,https://www.linkedin.com/company/doka
257,Stellantis Germany GmbH,Head of Legal,ACTIVE,2021-04,,
258,Van Cleef & Arpels,Receptionist,ACTIVE,2025-02,,https://www.linkedin.com/company/van-cleef-&-arpels
259,S.OLIVER GROUP,Retail Director DACH,ACTIVE,2023-11,,https://www.linkedin.com/company/s-oliver-group
261,Varme og Kulde AS,Chief Executive Officer,ACTIVE,2025-01,,
261,Alpha Entreprenør AS,Prosjektleder,ACTIVE,2019-01,,https://www.linkedin.com/company/alpha-entreprenør-as
262,F. Bosch Medizintechnik Germany,General Manager,ACTIVE,1992-01,,https://www.linkedin.com/company/fbosch
264,Lufthansa,Purser,ACTIVE,2008-10,,https://www.linkedin.com/company/lufthansa
264,Lufthansa,Purser,ACTIVE,2008-10,,https://www.linkedin.com/company/lufthansa
265,LAG Inklusionsfirmen Hessen e. V.,Vorstandsvorsitzender,ACTIVE,2023-11,,https://www.linkedin.com/company/lag-inklusionsfirmen-hessen-e-v
265,Frankfurter Verein für soziale Heimstätten e.V.,Stellvertretender Geschäftsführer,ACTIVE,2018-10,,https://www.linkedin.com/company/frankfurter-verein-für-soziale-heimstätten-e-v-
265,Frankfurter Verein für soziale Heimstätten e.V.,Bereichsleiter Arbeit | Bildung | Inklusion,ACTIVE,2009-09,,https://www.linkedin.com/company/frankfurter-verein-für-soziale-heimstätten-e-v-
265,kombinat gGmbH,Geschäftsführer,ACTIVE,2015-10,,https://www.linkedin.com/company/kombinatggmbh
265,GDW Genossenschaft der Werkstätten Mitte eG,Vorstandsmitglied,ACTIVE,2015-06,,https://www.linkedin.com/company/gdw-mitte
266,PwC Deutschland,Associate | M&A,ACTIVE,2024-10,,https://www.linkedin.com/company/pwc-deutschland
267,HighRadius,VP - Talent Acquisition & People & Culture(HR),ACTIVE,2025-01,,https://www.linkedin.com/company/highradius
267,HighRadius,Vice President - Talent Experience,ACTIVE,2024-09,,https://www.linkedin.com/company/highradius
268,Andersch,Partner,ACTIVE,2012-10,,https://www.linkedin.com/company/fti-andersch
269,WashTec AG,Senior Vice President R&D,ACTIVE,2020-04,,https://www.linkedin.com/company/washtec-holding-gmbh
272,Lobbe,Industriereiniger,ACTIVE,2023-10,,https://www.linkedin.com/company/lobbe-gruppe
273,Garden of Concepts GmbH,CEO,ACTIVE,2011-09,,https://www.linkedin.com/company/garden-of-concepts-gmbh
273,ERWEKA GmbH,IT-Consultant & Solution Architekt,ACTIVE,2017-04,,https://www.linkedin.com/company/erweka-gmbh
275,PALFINGER Group,Senior Vice President Global Supplier Management,ACTIVE,2008-04,,https://www.linkedin.com/company/palfingerag
276,FedEx,Sr. International Agent,ACTIVE,2023-01,,https://www.linkedin.com/company/fedex
277,Parangat Technologies,Manager- Hr Ops & Talent Acquisition,ACTIVE,2024-11,,https://www.linkedin.com/company/parangat-technologies
278,PaxAn®,CEO,ACTIVE,2024-01,,https://www.linkedin.com/company/paxan
278,robert obermeyer consulting GmbH,Geschäftsführer,ACTIVE,2019-01,,https://www.linkedin.com/company/robert-obermeyer-consulting
280,VERWO AG,Production Engineer,ACTIVE,2025-03,,https://www.linkedin.com/company/verwo-ag
281,Fluke Corporation,Quality Engineering Manager,ACTIVE,2021-07,,https://www.linkedin.com/company/fluke-corporation
283,OÖNachrichten,Vertriebsleiter,ACTIVE,2021-08,,https://www.linkedin.com/company/oönachrichten
284,Erwin Renz Metallwarenfabrik GmbH & Co KG,Produktmanager,ACTIVE,2013-05,,https://www.linkedin.com/company/erwin-renz-metallwarenfabrik-gmbh-co-kg
285,cr Werbeagentur AG,Partner und Inhaber,ACTIVE,2022-07,,https://www.linkedin.com/company/cr-werbeagentur-ag
286,"US Trade Consult, LLC.",Senior Advisor,ACTIVE,2025-04,,
286,Consulting&Relations,"Unternehmensberater, Trainer, Coach, Publizist",ACTIVE,1990,,
287,HK Spartak Dubnica nad Vahom,Hockey Coach,ACTIVE,2016-06,,
287,Nes IK,Head Coach,ACTIVE,2014-08,,
288,Siegfried Hameln,Quality Assurance Manager / Quality Contract Managment / GMP Auditor,ACTIVE,2002-01,,
289,Drooms,SVP Transformation & Strategy,ACTIVE,2022-02,,https://www.linkedin.com/company/drooms-software
291,Uponor GmbH,"Director, Sales Unit Benelux",ACTIVE,2005-02,,https://www.linkedin.com/company/uponor
292,Deutsches Zentrum für Luft-und Raumfahrt e.V.,Strategischer Einkäufer,ACTIVE,2023-02,,https://www.linkedin.com/company/dlr
293,Atlas Copco,VP Market Intelligence - Business Development - Sales,ACTIVE,2020-01,,https://www.linkedin.com/company/atlas-copco
294,Outotec,Director / Project implementation Manager,ACTIVE,2011-01,,https://www.linkedin.com/company/outotec
295,Swiss-Canna Group AG,Aktionär,ACTIVE,2024-06,,https://www.linkedin.com/company/swiss-canna-group-ag
295,Chemie AG Bern,Beratungsexperte Verwaltungsrat,ACTIVE,2024-03,,
295,"RAMA Holding AG www.arseptum.ch Desinfektion mit Langzeit, Hygiene der Zukunft",Produzent und Lizensen,ACTIVE,2019-11,,
295,Arsept-Suisse GmbH,Geschäftsinhaber,ACTIVE,2022-07,,
295,Rennstall Belar Grande / Gestüt Seebach Elsass,Institution Sport,ACTIVE,2006-03,,
295,Arnold Feuerwerke,Geschäftsinhaber Import Export,ACTIVE,1986-05,,
296,BMW Group,Werkstudent Facheinkauf Interieur,ACTIVE,2025-03,,https://www.linkedin.com/company/bmw-group
297,GKN Driveline,Account Director,ACTIVE,1999-04,,https://www.linkedin.com/company/gkn-automotive
298,Sigtuna folkhögskola,Head teacher in art,ACTIVE,2021-08,,https://www.linkedin.com/company/sigtunafolkhogskola
298,Dovo,Founder,ACTIVE,2005-01,,
299,Verlag Reinhard Wagner,Chef,ACTIVE,1993-03,,
300,WISAG Passage Service Düsseldorf GmbH & Co. KG,Geschäftsführer,ACTIVE,2025-03,,
300,ASG Airport Service Gesellschaft mbH,Geschäftsführer,ACTIVE,2023-11,,
300,WISAG Ground Service GmbH & Co. KG Ndl. Düsseldorf,Geschäftsführer,ACTIVE,2023-01,,
300,WISAG Losch Passage Service Köln GmbH & Co. KG,Geschäftsführer,ACTIVE,2017-01,,
301,BOTTERO GmbH,General Manager,ACTIVE,2025-01,,https://www.linkedin.com/company/bottero-gmbh
302,Woodhouse,Spa Concierge,ACTIVE,2024-11,,https://www.linkedin.com/company/woodhouse-spa
305,neusta marketing GmbH,Geschäftsführender Gesellschafter,ACTIVE,2021-01,,https://www.linkedin.com/company/neusta-marketing
305,krannich.de,Unternehmer,ACTIVE,1998-07,,
306,Nestler Wellpappe GmbH,Account-Manager,ACTIVE,2020-04,,https://www.linkedin.com/company/nestler-wellpappe-gmbh
307,Ericsson,Head of Digital Radio Design,ACTIVE,2023-10,,https://www.linkedin.com/company/ericsson
308,Amaris Zorggroep,Assistent,ACTIVE,2022-07,,https://www.linkedin.com/company/amaris-zorggroep
309,Polizei Oberes Fricktal,Polizistin,ACTIVE,2020,,https://www.linkedin.com/company/polizei-oberes-fricktal
310,FINVIA,Managing Partner,ACTIVE,2023-06,,https://www.linkedin.com/company/finvia
310,FINVIA,Geschäftsführer,ACTIVE,2020-04,,https://www.linkedin.com/company/finvia
311,Dotdigital,Global Product Marketing Manager,ACTIVE,2022-01,,https://www.linkedin.com/company/dotdigital
315,Spherea GmbH,Produktingenieur,ACTIVE,2023-03,,https://www.linkedin.com/company/spherea-gmbh
320,Eberhard AG,Vorstand / CEO bei Eberhard AG,ACTIVE,2021-01,,https://www.linkedin.com/company/eberhard-ag
320,Eberhard s.r.o.,Geschäftsführer,ACTIVE,2013-10,,
321,Muhsau Kindl Ingenieurgesellschaft mbH,Projektingenieur,ACTIVE,2022-10,,
322,MDW Capital Partners LLP,Managing Partner,ACTIVE,2018-08,,https://www.linkedin.com/company/mdw-capital-partners
322,EA-RS Group Ltd,Chairman,ACTIVE,2021-01,,https://www.linkedin.com/company/earsgroup
322,GainX,NED,ACTIVE,2020-09,,https://www.linkedin.com/company/gainx
322,Down's South London,Trustee and Vice Chair,ACTIVE,2007-09,,
323,GfA-DICHTUNGEN GMBH,Geschäftsführender Gesellschafter,ACTIVE,1989-08,,https://www.linkedin.com/company/gfa-dichtungen-gmbh
324,KEONYS,SVP 3DS-Solutions CENIT Group,ACTIVE,2021-03,,https://www.linkedin.com/company/keonys
324,KEONYS,"COO, Keonys Group",ACTIVE,2017-07,,https://www.linkedin.com/company/keonys
325,Venus Concept,Senior Vice President APAC,ACTIVE,2017-08,,https://www.linkedin.com/company/venus-concept
327,Planet-A-Mor,CEO Co-owner,ACTIVE,2023-02,,https://www.linkedin.com/company/planetamor
327,CCC Climate Change Consulting,Company Owner,ACTIVE,2018,,
327,CCC. Climate Change Consulting,COO,ACTIVE,2017-12,,
327,C.C.C. Climate Change Consulting LLC,Consultant CEO and owner,ACTIVE,2016-01,,
328,Accenture,Business Strategy Consultant,ACTIVE,2022-06,,https://www.linkedin.com/company/accenture
329,UTILITY PARTNERS Operations,Managing Director,ACTIVE,2024-01,,https://www.linkedin.com/company/up-operations-gmbh
329,UTILITY PARTNERS GmbH,Member of The Supervisory Board,ACTIVE,2024,,https://www.linkedin.com/company/utility-partners
330,Tahoe Donner Association,Recreation Manager,ACTIVE,2024-11,,https://www.linkedin.com/company/tahoe-donner-association
330,Tahoe Donner Association,Instructor,ACTIVE,2023-02,,https://www.linkedin.com/company/tahoe-donner-association
330,Heikoach.com,Sportsience and Personaltrainer,ACTIVE,2012-10,,
331,Fair Recycling Foundation,Stiftungsrat,ACTIVE,2021-05,,https://www.linkedin.com/company/fairrecycling
334,Sto SE & Co. KGaA,Projektplaner,ACTIVE,2015-09,,https://www.linkedin.com/company/sto-ag
335,MorganFranklin Consulting,Senior Manager,ACTIVE,2023-01,,https://www.linkedin.com/company/morganfranklin-consulting
336,Hyatt Hotels Corporation,Information Technology Specialist -ITCS,ACTIVE,2020-12,,https://www.linkedin.com/company/hyatt
338,auxilion AG,Geschäftsführender Inhaber,ACTIVE,2000-11,,https://www.linkedin.com/company/aux-de
339,ZERAMEX,Gebietsverkaufsleiterin Implantologie & Prothetik,ACTIVE,2017-06,,https://www.linkedin.com/company/zeramex
342,Toshiba Memory Europe GmbH (TME),Vice President,ACTIVE,2017-04,,https://www.linkedin.com/company/kioxiaeurope
343,SFC Energy AG,Senior Vice President,ACTIVE,2020-01,,https://www.linkedin.com/company/sfc-energy-ag
344,WorldStyle Media,Platin,ACTIVE,2014-05,,
347,Huawei,Executive Partner Development Manager,ACTIVE,2023-09,,https://www.linkedin.com/company/huawei
348,"Justiz-, Polizei- und Militärdepartement Kanton Appenzell I.Rh",Departementssekretär / Leiter Amt für Militär und Bevölkerungsschutz,ACTIVE,2024-08,,
348,Fachhochschule Nordwestschweiz FHNW,Dozent,ACTIVE,2024-01,,
350,Batterman Consulting,CEO,ACTIVE,1982-08,,https://www.linkedin.com/company/batterman-consulting-ag
351,Bridgged,Partner,ACTIVE,2024-06,,https://www.linkedin.com/company/bridgged
352,ManageCasa Inc.,Chief Executive Officer,ACTIVE,2016-10,,https://www.linkedin.com/company/managecasa
352,(Startup),Startup Advisor,ACTIVE,2016-09,,https://www.linkedin.com/company/-startup-
353,Bewerbungsphase,Arbeitssuche,ACTIVE,2021-09,,
355,SPOCS sports consultants GmbH,Managing Director,ACTIVE,2003-12,,
356,UniCredit Business Integrated Solutions,Head of Global Competence Center MO/BO/Acc Business Analysis,ACTIVE,2014-01,,https://www.linkedin.com/company/unicredit
358,EJF gemeinnützige AG,Alleiniger Vorstand,ACTIVE,2023-01,,https://www.linkedin.com/company/ejfgag
359,Math2Market GmbH,Senior Software Engineer,ACTIVE,2024-03,,https://www.linkedin.com/company/math2market-gmbh
360,Chikara Fitness 株式会社,Owner - Executive Director,ACTIVE,2010-06,,https://www.linkedin.com/company/chikara-fit
360,"CrossFit, Inc.",Seminar Staff,ACTIVE,2013-08,,https://www.linkedin.com/company/crossfit
361,Aurubis,Projektleiter,ACTIVE,2020-07,,https://www.linkedin.com/company/aurubis
362,Continental,Leiter Program Management RADAR,ACTIVE,2017-09,,https://www.linkedin.com/company/continental
363,capital-S-Immobilien,Geschäftsführer,ACTIVE,1980-08,,
364,Bayer,Pharmacy Sales Representative,ACTIVE,2025-02,,https://www.linkedin.com/company/bayer
365,SachsenEnergie AG,Bereichsleiter Finanzen und Rechnungswesen,ACTIVE,2002-10,,https://www.linkedin.com/company/sachsenenergie
365,DREWAG Stadtwerke Dresden GmbH,Bereichsleiter Rechnungswesen und Finanzen,ACTIVE,2016-02,,
367,Leop. Siegle GmbH & Co. KG,"Geschäftsleitung, Prokurist",ACTIVE,2004-03,,https://www.linkedin.com/company/leop-siegle-gmbh-co-kg
367,Selbstständig,Rechtsanwalt,ACTIVE,2000-06,,
368,Guild Mortgage,Sales Manager,ACTIVE,2023-09,,https://www.linkedin.com/company/guild-mortgage-company
369,PI (Physik Instrumente) Group,Industrial Engineer,ACTIVE,2024-10,,https://www.linkedin.com/company/physik-instrumente-group
370,Pflege & Seniorenwohnen Ammertal,Pflegedienstleitung,ACTIVE,2019-06,,
371,Lindner Corporation,Principal Consultant,ACTIVE,2014-04,,
372,EPRO SECURE,"Projektexperte Sicherheit, Geschäftsleitung",ACTIVE,2023-01,,https://www.linkedin.com/company/epro-secure
374,K-Businesscom AG,Solution Designer,ACTIVE,2022-04,,https://www.linkedin.com/company/k-businesscom-ag
375,TransatlantiX,Founder -Owner,ACTIVE,2016-09,,
376,TaxNetworkUSA,Human Resources Manager,ACTIVE,2024-04,,https://www.linkedin.com/company/taxnetworkusa
377,Bilfinger Maintenance GmbH,Einkäufer Werkleistungen/Diestleistugen,ACTIVE,1972,,
379,R.A. Snyder Properties,Regional Manager,ACTIVE,2024-04,,https://www.linkedin.com/company/ra-snyder
380,Hewlett Packard Enterprise,Head of Hybrid Cloud Solution Sales Germany,ACTIVE,2024-11,,https://www.linkedin.com/company/hewlett-packard-enterprise
380,Hewlett Packard Enterprise,Head of HPE Boeblingen Office,ACTIVE,2023-08,,https://www.linkedin.com/company/hewlett-packard-enterprise
381,BNP Paribas CIB,Director - Global Banking,ACTIVE,2025-02,,https://www.linkedin.com/company/bnpparibascorporateandinstitutionalbanking
382,ETH Zürich,Doctoral Student,ACTIVE,2023-10,,
383,Nestle,Project Manager Entwicklung /Lebensmittel,ACTIVE,1989-09,,https://www.linkedin.com/company/nestle-s-a-
384,Freiberuflich,Consultant,ACTIVE,2024-11,,
385,Random House,General Counsel / Leiter Rechtsabteilung,ACTIVE,2000,,
386,Heel,Team Lead Business Services,ACTIVE,2023-04,,https://www.linkedin.com/company/heel
387,SitePlan GmbH,CEO & Co-founder,ACTIVE,2019-08,,https://www.linkedin.com/company/siteplan-gmbh
388,Euler Hermes Deutschland,Juristischer Berater,ACTIVE,1996-03,,https://www.linkedin.com/company/allianz-trade-deutschland
389,Folkwang Universität der Künste,"Leitung Personal, Finanzen, Einkauf, IT | Folkwang Universität der Künste",ACTIVE,2015-07,,
